Amsterdam,Bangkok,13,631
Amsterdam,Beijing,9,428
Amsterdam,Singapore,10,795
Amsterdam,Delhi,12,987
Amsterdam,Dubai,11,799
Amsterdam,Frankfurt,8,542
Amsterdam,Hong Kong,12,760
Amsterdam,Seoul,14,698
Amsterdam,Istanbul,13,924
Amsterdam,New York,8,817
Amsterdam,Kuala Lumpur,9,760
Amsterdam,London,13,897
Amsterdam,Los Angeles,8,746
Amsterdam,Madrid,9,717
Amsterdam,Mexico City,14,473
Amsterdam,Munich,10,365
Amsterdam,Paris,1,82
Amsterdam,Rome,12,855
Amsterdam,San Francisco,10,824
Amsterdam,Shanghai,10,867
Amsterdam,Singapore,13,302
Amsterdam,Jakarta,11,975
Amsterdam,Sydney,8,576
Amsterdam,Tokyo,9,851
Bangkok,Amsterdam,14,339
Bangkok,Beijing,10,343
Bangkok,Singapore,12,893
Bangkok,Delhi,8,467
Bangkok,Dubai,9,773
Bangkok,Frankfurt,14,462
Bangkok,Hong Kong,12,872
Bangkok,Seoul,12,844
Bangkok,Istanbul,10,817
Bangkok,New York,11,892
Bangkok,Kuala Lumpur,10,967
Bangkok,London,12,340
Bangkok,Los Angeles,14,498
Bangkok,Madrid,8,535
Bangkok,Mexico City,9,962
Bangkok,Munich,8,584
Bangkok,Paris,14,743
Bangkok,Rome,11,781
Bangkok,San Francisco,12,686
Bangkok,Shanghai,10,659
Bangkok,Singapore,12,951
Bangkok,Jakarta,12,996
Bangkok,Sydney,10,422
Bangkok,Tokyo,12,376
Beijing,Amsterdam,13,631
Beijing,Bangkok,9,523
Beijing,Singapore,11,702
Beijing,Delhi,12,714
Beijing,Dubai,14,793
Beijing,Frankfurt,14,633
Beijing,Hong Kong,13,630
Beijing,Seoul,10,926
Beijing,Istanbul,11,897
Beijing,New York,14,321
Beijing,Kuala Lumpur,12,608
Beijing,London,13,662
Beijing,Los Angeles,11,891
Beijing,Madrid,10,959
Beijing,Mexico City,11,822
Beijing,Munich,12,586
Beijing,Paris,12,946
Beijing,Rome,10,697
Beijing,San Francisco,13,309
Beijing,Shanghai,9,933
Beijing,Singapore,12,738
Beijing,Jakarta,8,941
Beijing,Sydney,12,557
Beijing,Tokyo,10,981
Singapore,Amsterdam,13,613
Singapore,Bangkok,10,344
Singapore,Beijing,11,967
Singapore,Delhi,11,918
Singapore,Dubai,13,588
Singapore,Frankfurt,8,873
Singapore,Hong Kong,12,961
Singapore,Seoul,8,734
Singapore,Istanbul,10,659
Singapore,New York,9,346
Singapore,Kuala Lumpur,10,388
Singapore,London,11,405
Singapore,Los Angeles,8,649
Singapore,Madrid,9,729
Singapore,Mexico City,10,956
Singapore,Munich,11,580
Singapore,Paris,10,929
Singapore,Rome,9,756
Singapore,San Francisco,10,455
Singapore,Shanghai,13,686
Singapore,Jakarta,8,963
Singapore,Sydney,14,542
Singapore,Tokyo,10,380
Delhi,Amsterdam,9,806
Delhi,Bangkok,11,584
Delhi,Beijing,12,757
Delhi,Singapore,14,604
Delhi,Dubai,9,401
Delhi,Frankfurt,12,670
Delhi,Hong Kong,8,735
Delhi,Seoul,12,465
Delhi,Istanbul,13,892
Delhi,New York,9,728
Delhi,Kuala Lumpur,10,542
Delhi,London,11,602
Delhi,Los Angeles,14,793
Delhi,Madrid,14,380
Delhi,Mexico City,8,706
Delhi,Munich,9,831
Delhi,Paris,14,376
Delhi,Rome,10,623
Delhi,San Francisco,10,622
Delhi,Shanghai,14,956
Delhi,Singapore,14,441
Delhi,Jakarta,9,391
Delhi,Sydney,14,300
Delhi,Tokyo,11,917
Dubai,Amsterdam,9,605
Dubai,Bangkok,9,303
Dubai,Beijing,12,323
Dubai,Singapore,10,779
Dubai,Delhi,12,672
Dubai,Frankfurt,12,460
Dubai,Hong Kong,8,638
Dubai,Seoul,13,545
Dubai,Istanbul,14,850
Dubai,New York,8,878
Dubai,Kuala Lumpur,13,875
Dubai,London,14,964
Dubai,Los Angeles,14,876
Dubai,Madrid,13,628
Dubai,Mexico City,8,927
Dubai,Munich,11,656
Dubai,Paris,13,455
Dubai,Rome,10,376
Dubai,San Francisco,10,579
Dubai,Shanghai,13,394
Dubai,Singapore,14,783
Dubai,Jakarta,8,370
Dubai,Sydney,8,657
Dubai,Tokyo,14,337
Frankfurt,Amsterdam,13,932
Frankfurt,Bangkok,10,560
Frankfurt,Beijing,14,610
Frankfurt,Singapore,9,395
Frankfurt,Delhi,14,878
Frankfurt,Dubai,9,367
Frankfurt,Hong Kong,11,947
Frankfurt,Seoul,11,631
Frankfurt,Istanbul,12,814
Frankfurt,New York,10,745
Frankfurt,Kuala Lumpur,10,467
Frankfurt,London,10,881
Frankfurt,Los Angeles,13,629
Frankfurt,Madrid,12,473
Frankfurt,Mexico City,11,381
Frankfurt,Munich,13,499
Frankfurt,Paris,14,325
Frankfurt,Rome,11,701
Frankfurt,San Francisco,8,840
Frankfurt,Shanghai,10,519
Frankfurt,Singapore,13,632
Frankfurt,Jakarta,12,942
Frankfurt,Sydney,14,855
Frankfurt,Tokyo,10,313
Hong Kong,Amsterdam,12,910
Hong Kong,Bangkok,12,628
Hong Kong,Beijing,14,378
Hong Kong,Singapore,8,563
Hong Kong,Delhi,9,701
Hong Kong,Dubai,8,835
Hong Kong,Frankfurt,14,633
Hong Kong,Seoul,11,696
Hong Kong,Istanbul,12,995
Hong Kong,New York,9,863
Hong Kong,Kuala Lumpur,9,961
Hong Kong,London,8,836
Hong Kong,Los Angeles,8,337
Hong Kong,Madrid,11,824
Hong Kong,Mexico City,13,520
Hong Kong,Munich,9,415
Hong Kong,Paris,11,890
Hong Kong,Rome,9,801
Hong Kong,San Francisco,10,860
Hong Kong,Shanghai,12,320
Hong Kong,Singapore,9,498
Hong Kong,Jakarta,11,300
Hong Kong,Sydney,10,914
Hong Kong,Tokyo,11,696
Seoul,Amsterdam,14,438
Seoul,Bangkok,13,502
Seoul,Beijing,12,724
Seoul,Singapore,8,883
Seoul,Delhi,13,962
Seoul,Dubai,10,480
Seoul,Frankfurt,10,654
Seoul,Hong Kong,8,705
Seoul,Istanbul,11,471
Seoul,New York,11,640
Seoul,Kuala Lumpur,13,703
Seoul,London,11,655
Seoul,Los Angeles,11,694
Seoul,Madrid,14,726
Seoul,Mexico City,14,459
Seoul,Munich,8,728
Seoul,Paris,13,739
Seoul,Rome,9,795
Seoul,San Francisco,12,979
Seoul,Shanghai,10,303
Seoul,Singapore,9,893
Seoul,Jakarta,9,795
Seoul,Sydney,12,862
Seoul,Tokyo,14,918
Istanbul,Amsterdam,11,848
Istanbul,Bangkok,10,742
Istanbul,Beijing,13,814
Istanbul,Singapore,9,346
Istanbul,Delhi,14,718
Istanbul,Dubai,9,364
Istanbul,Frankfurt,9,567
Istanbul,Hong Kong,13,811
Istanbul,Seoul,11,997
Istanbul,New York,10,702
Istanbul,Kuala Lumpur,12,401
Istanbul,London,13,905
Istanbul,Los Angeles,14,366
Istanbul,Madrid,10,470
Istanbul,Mexico City,9,748
Istanbul,Munich,13,876
Istanbul,Paris,8,432
Istanbul,Rome,13,965
Istanbul,San Francisco,9,555
Istanbul,Shanghai,11,312
Istanbul,Singapore,13,826
Istanbul,Jakarta,9,302
Istanbul,Sydney,14,661
Istanbul,Tokyo,9,860
New York,Amsterdam,10,955
New York,Bangkok,12,600
New York,Beijing,11,838
New York,Singapore,13,869
New York,Delhi,8,723
New York,Dubai,12,998
New York,Frankfurt,14,910
New York,Hong Kong,9,660
New York,Seoul,11,803
New York,Istanbul,13,869
New York,Kuala Lumpur,11,865
New York,London,11,312
New York,Los Angeles,11,919
New York,Madrid,10,381
New York,Mexico City,8,410
New York,Munich,13,774
New York,Paris,14,399
New York,Rome,10,902
New York,San Francisco,14,881
New York,Shanghai,11,319
New York,Singapore,9,461
New York,Jakarta,14,388
New York,Sydney,13,971
New York,Tokyo,12,793
Kuala Lumpur,Amsterdam,12,819
Kuala Lumpur,Bangkok,12,897
Kuala Lumpur,Beijing,12,336
Kuala Lumpur,Singapore,13,908
Kuala Lumpur,Delhi,9,812
Kuala Lumpur,Dubai,14,531
Kuala Lumpur,Frankfurt,11,521
Kuala Lumpur,Hong Kong,12,589
Kuala Lumpur,Seoul,9,346
Kuala Lumpur,Istanbul,13,700
Kuala Lumpur,New York,12,564
Kuala Lumpur,London,10,600
Kuala Lumpur,Los Angeles,14,768
Kuala Lumpur,Madrid,9,586
Kuala Lumpur,Mexico City,9,823
Kuala Lumpur,Munich,12,763
Kuala Lumpur,Paris,14,374
Kuala Lumpur,Rome,8,345
Kuala Lumpur,San Francisco,10,825
Kuala Lumpur,Shanghai,14,794
Kuala Lumpur,Singapore,9,844
Kuala Lumpur,Jakarta,8,383
Kuala Lumpur,Sydney,13,677
Kuala Lumpur,Tokyo,12,908
London,Amsterdam,13,710
London,Bangkok,8,354
London,Beijing,14,942
London,Singapore,10,931
London,Delhi,10,623
London,Dubai,8,617
London,Frankfurt,13,454
London,Hong Kong,9,739
London,Seoul,14,798
London,Istanbul,12,530
London,New York,10,671
London,Kuala Lumpur,11,588
London,Los Angeles,14,459
London,Madrid,10,473
London,Mexico City,8,502
London,Munich,8,594
London,Paris,13,988
London,Rome,8,532
London,San Francisco,9,982
London,Shanghai,13,585
London,Singapore,14,653
London,Jakarta,13,408
London,Sydney,8,979
London,Tokyo,14,498
Los Angeles,Amsterdam,10,392
Los Angeles,Bangkok,12,395
Los Angeles,Beijing,9,751
Los Angeles,Singapore,13,808
Los Angeles,Delhi,13,671
Los Angeles,Dubai,10,857
Los Angeles,Frankfurt,13,537
Los Angeles,Hong Kong,14,691
Los Angeles,Seoul,8,435
Los Angeles,Istanbul,14,513
Los Angeles,New York,10,854
Los Angeles,Kuala Lumpur,9,721
Los Angeles,London,10,726
Los Angeles,Madrid,10,664
Los Angeles,Mexico City,11,947
Los Angeles,Munich,12,388
Los Angeles,Paris,11,404
Los Angeles,Rome,10,416
Los Angeles,San Francisco,9,654
Los Angeles,Shanghai,14,794
Los Angeles,Singapore,13,576
Los Angeles,Jakarta,13,645
Los Angeles,Sydney,13,786
Los Angeles,Tokyo,11,750
Madrid,Amsterdam,8,624
Madrid,Bangkok,13,760
Madrid,Beijing,11,421
Madrid,Singapore,8,933
Madrid,Delhi,14,479
Madrid,Dubai,8,688
Madrid,Frankfurt,14,332
Madrid,Hong Kong,10,757
Madrid,Seoul,11,613
Madrid,Istanbul,8,762
Madrid,New York,8,799
Madrid,Kuala Lumpur,12,782
Madrid,London,9,885
Madrid,Los Angeles,12,764
Madrid,Mexico City,9,676
Madrid,Munich,13,689
Madrid,Paris,13,335
Madrid,Rome,9,538
Madrid,San Francisco,8,696
Madrid,Shanghai,13,539
Madrid,Singapore,8,410
Madrid,Jakarta,13,608
Madrid,Sydney,14,899
Madrid,Tokyo,14,791
Mexico City,Amsterdam,11,460
Mexico City,Bangkok,9,913
Mexico City,Beijing,9,357
Mexico City,Singapore,8,346
Mexico City,Delhi,9,852
Mexico City,Dubai,14,319
Mexico City,Frankfurt,10,933
Mexico City,Hong Kong,12,476
Mexico City,Seoul,9,989
Mexico City,Istanbul,8,592
Mexico City,New York,8,526
Mexico City,Kuala Lumpur,9,540
Mexico City,London,10,503
Mexico City,Los Angeles,11,704
Mexico City,Madrid,11,789
Mexico City,Munich,13,416
Mexico City,Paris,10,737
Mexico City,Rome,13,422
Mexico City,San Francisco,9,545
Mexico City,Shanghai,13,568
Mexico City,Singapore,10,854
Mexico City,Jakarta,13,528
Mexico City,Sydney,14,840
Mexico City,Tokyo,13,405
Munich,Amsterdam,14,936
Munich,Bangkok,12,761
Munich,Beijing,14,957
Munich,Singapore,9,572
Munich,Delhi,8,567
Munich,Dubai,10,480
Munich,Frankfurt,12,691
Munich,Hong Kong,14,517
Munich,Seoul,14,987
Munich,Istanbul,8,908
Munich,New York,14,702
Munich,Kuala Lumpur,11,304
Munich,London,8,506
Munich,Los Angeles,11,716
Munich,Madrid,10,987
Munich,Mexico City,14,403
Munich,Paris,10,859
Munich,Rome,10,664
Munich,San Francisco,11,505
Munich,Shanghai,10,675
Munich,Singapore,14,885
Munich,Jakarta,9,810
Munich,Sydney,10,441
Munich,Tokyo,10,425
Paris,Amsterdam,13,632
Paris,Bangkok,14,945
Paris,Beijing,8,314
Paris,Singapore,8,380
Paris,Delhi,14,504
Paris,Dubai,11,312
Paris,Frankfurt,8,489
Paris,Hong Kong,11,503
Paris,Seoul,12,999
Paris,Istanbul,12,702
Paris,New York,12,397
Paris,Kuala Lumpur,11,389
Paris,London,9,439
Paris,Los Angeles,9,876
Paris,Madrid,10,829
Paris,Mexico City,14,514
Paris,Munich,13,823
Paris,Rome,10,499
Paris,San Francisco,14,930
Paris,Shanghai,8,935
Paris,Singapore,13,773
Paris,Jakarta,14,925
Paris,Sydney,13,435
Paris,Tokyo,11,966
Rome,Amsterdam,14,368
Rome,Bangkok,13,362
Rome,Beijing,14,730
Rome,Singapore,10,388
Rome,Delhi,11,799
Rome,Dubai,12,738
Rome,Frankfurt,10,593
Rome,Hong Kong,8,882
Rome,Seoul,14,844
Rome,Istanbul,12,896
Rome,New York,11,779
Rome,Kuala Lumpur,13,358
Rome,London,12,669
Rome,Los Angeles,13,885
Rome,Madrid,12,325
Rome,Mexico City,8,667
Rome,Munich,11,449
Rome,Paris,11,960
Rome,San Francisco,8,452
Rome,Shanghai,14,548
Rome,Singapore,10,770
Rome,Jakarta,8,695
Rome,Sydney,8,477
Rome,Tokyo,12,408
San Francisco,Amsterdam,10,494
San Francisco,Bangkok,14,367
San Francisco,Beijing,9,643
San Francisco,Singapore,10,665
San Francisco,Delhi,14,813
San Francisco,Dubai,10,900
San Francisco,Frankfurt,14,745
San Francisco,Hong Kong,13,804
San Francisco,Seoul,14,986
San Francisco,Istanbul,13,754
San Francisco,New York,11,437
San Francisco,Kuala Lumpur,14,356
San Francisco,London,14,451
San Francisco,Los Angeles,8,899
San Francisco,Madrid,8,661
San Francisco,Mexico City,13,359
San Francisco,Munich,8,614
San Francisco,Paris,14,347
San Francisco,Rome,14,720
San Francisco,Shanghai,13,913
San Francisco,Singapore,8,747
San Francisco,Jakarta,10,979
San Francisco,Sydney,11,693
San Francisco,Tokyo,10,467
Shanghai,Amsterdam,8,725
Shanghai,Bangkok,11,323
Shanghai,Beijing,12,913
Shanghai,Singapore,14,756
Shanghai,Delhi,9,977
Shanghai,Dubai,13,605
Shanghai,Frankfurt,13,370
Shanghai,Hong Kong,12,975
Shanghai,Seoul,8,794
Shanghai,Istanbul,10,453
Shanghai,New York,11,414
Shanghai,Kuala Lumpur,8,417
Shanghai,London,9,543
Shanghai,Los Angeles,12,971
Shanghai,Madrid,10,362
Shanghai,Mexico City,14,654
Shanghai,Munich,9,857
Shanghai,Paris,10,882
Shanghai,Rome,14,435
Shanghai,San Francisco,8,374
Shanghai,Singapore,8,529
Shanghai,Jakarta,8,522
Shanghai,Sydney,8,676
Shanghai,Tokyo,13,849
Singapore,Amsterdam,11,836
Singapore,Bangkok,10,335
Singapore,Beijing,8,465
Singapore,Delhi,14,673
Singapore,Dubai,8,696
Singapore,Frankfurt,9,895
Singapore,Hong Kong,13,348
Singapore,Seoul,11,305
Singapore,Istanbul,13,986
Singapore,New York,13,509
Singapore,Kuala Lumpur,11,311
Singapore,London,12,766
Singapore,Los Angeles,9,654
Singapore,Madrid,11,373
Singapore,Mexico City,13,784
Singapore,Munich,10,837
Singapore,Paris,14,634
Singapore,Rome,11,950
Singapore,San Francisco,12,867
Singapore,Shanghai,8,470
Singapore,Jakarta,12,689
Singapore,Sydney,9,847
Singapore,Tokyo,14,885
Jakarta,Amsterdam,13,470
Jakarta,Bangkok,14,686
Jakarta,Beijing,13,371
Jakarta,Singapore,12,422
Jakarta,Delhi,10,398
Jakarta,Dubai,10,764
Jakarta,Frankfurt,12,887
Jakarta,Hong Kong,8,955
Jakarta,Seoul,10,447
Jakarta,Istanbul,12,381
Jakarta,New York,9,781
Jakarta,Kuala Lumpur,9,388
Jakarta,London,8,476
Jakarta,Los Angeles,8,804
Jakarta,Madrid,12,318
Jakarta,Mexico City,14,626
Jakarta,Munich,9,529
Jakarta,Paris,11,507
Jakarta,Rome,8,720
Jakarta,San Francisco,8,344
Jakarta,Shanghai,11,611
Jakarta,Singapore,8,932
Jakarta,Sydney,13,823
Jakarta,Tokyo,12,919
Sydney,Amsterdam,13,921
Sydney,Bangkok,14,621
Sydney,Beijing,9,770
Sydney,Singapore,14,994
Sydney,Delhi,14,376
Sydney,Dubai,10,542
Sydney,Frankfurt,12,402
Sydney,Hong Kong,9,464
Sydney,Seoul,13,460
Sydney,Istanbul,14,622
Sydney,New York,10,856
Sydney,Kuala Lumpur,13,308
Sydney,London,8,775
Sydney,Los Angeles,8,493
Sydney,Madrid,11,966
Sydney,Mexico City,13,854
Sydney,Munich,11,449
Sydney,Paris,14,914
Sydney,Rome,14,592
Sydney,San Francisco,8,875
Sydney,Shanghai,14,400
Sydney,Singapore,11,540
Sydney,Jakarta,9,522
Sydney,Tokyo,9,908
Tokyo,Amsterdam,13,441
Tokyo,Bangkok,9,417
Tokyo,Beijing,9,799
Tokyo,Singapore,9,438
Tokyo,Delhi,8,345
Tokyo,Dubai,11,623
Tokyo,Frankfurt,8,747
Tokyo,Hong Kong,10,684
Tokyo,Seoul,10,758
Tokyo,Istanbul,14,315
Tokyo,New York,14,580
Tokyo,Kuala Lumpur,12,996
Tokyo,London,9,723
Tokyo,Los Angeles,14,792
Tokyo,Madrid,11,700
Tokyo,Mexico City,11,554
Tokyo,Munich,11,948
Tokyo,Paris,10,584
Tokyo,Rome,12,676
Tokyo,San Francisco,10,343
Tokyo,Shanghai,9,734
Tokyo,Singapore,9,389
Tokyo,Jakarta,8,698
Tokyo,Sydney,10,561
